immediate_dec,immediate_hex,R0,R1,R2,R3,R4,R5,R6,R7,R8,R9,R10,R11,R12,R13,R14,R15
0,0x00,0x0000,0x0000,0xFFEE,0x0000,0x0014,0x000E,0x0000,0x007E,0x0000,0x8000,0xFFFD,0x0000,0xFFFF,0x0000,0x000E,0x0000
1,0x01,0x0001,0x0001,0xFFEE,0x0000,0x0015,0x000E,0x0001,0x008C,0xFFFB,0x4000,0xFFFA,0xC000,0xFFFE,0x0100,0x000E,0x0000
2,0x02,0x0002,0x0002,0xFFEC,0x0000,0x0016,0x000E,0x0002,0x009A,0xFFF6,0x0000,0xFFF4,0x8000,0xFFFC,0x0200,0x000E,0x0000
3,0x03,0x0003,0x0003,0xFFEC,0x0000,0x0017,0x000E,0x0003,0x00A8,0xFFF1,0xC000,0xFFE8,0x4000,0xFFF8,0x0300,0x000E,0x0000
4,0x04,0x0004,0x0004,0xFFEA,0x0000,0x0010,0x000E,0x0004,0x00B6,0xFFEC,0x8000,0xFFD0,0x0000,0xFFF0,0x0400,0x000E,0x0000
5,0x05,0x0005,0x0005,0xFFEA,0x0000,0x0011,0x000E,0x0005,0x00C4,0xFFE7,0x4000,0xFFA0,0xC000,0xFFE0,0x0500,0x000E,0x0000
6,0x06,0x0006,0x0006,0xFFE8,0x0000,0x0012,0x000E,0x0006,0x00D2,0xFFE2,0x0000,0xFF40,0x8000,0xFFC0,0x0600,0x000E,0x0000
7,0x07,0x0007,0x0007,0xFFE8,0x0000,0x0013,0x000E,0x0007,0x00E0,0xFFDD,0xC000,0xFE80,0x4000,0xFF80,0x0700,0x000E,0x0000
8,0x08,0x0008,0x0008,0xFFE6,0x0000,0x001C,0x000E,0x0008,0x00EE,0xFFD8,0x8000,0xFD00,0x0000,0xFF00,0x0800,0x000E,0x0000
9,0x09,0x0009,0x0009,0xFFE6,0x0000,0x001D,0x000E,0x0009,0x00FC,0xFFD3,0x4000,0xFA00,0xC000,0xFE00,0x0900,0x000E,0x0000
10,0x0A,0x000A,0x000A,0xFFE4,0x0000,0x001E,0x000E,0x000A,0x010A,0xFFCE,0x0000,0xF400,0x8000,0xFC00,0x0A00,0x000E,0x0000
11,0x0B,0x000B,0x000B,0xFFE4,0x0000,0x001F,0x000E,0x000B,0x0118,0xFFC9,0xC000,0xE800,0x4000,0xF800,0x0B00,0x000E,0x0000
12,0x0C,0x000C,0x000C,0xFFE2,0x0000,0x0018,0x000E,0x000C,0x0126,0xFFC4,0x8000,0xD000,0x0000,0xF000,0x0C00,0x000E,0x0000
13,0x0D,0x000D,0x000D,0xFFE2,0x0000,0x0019,0x000E,0x000D,0x0134,0xFFBF,0x4000,0xA000,0xC000,0xE000,0x0D00,0x000E,0x0000
14,0x0E,0x000E,0x000E,0xFFE0,0x0000,0x001A,0x000E,0x000E,0x0142,0xFFBA,0x0000,0x4000,0x8000,0xC000,0x0E00,0x000E,0x0000
15,0x0F,0x000F,0x000F,0xFFE0,0x0000,0x001B,0x000E,0x000F,0x0150,0xFFB5,0xC000,0x8000,0x4000,0x8000,0x0F00,0x000E,0x0000
16,0x10,0x0010,0x0010,0xFFEE,0x0000,0x0004,0x000E,0x0010,0x015E,0xFFB0,0x8000,0x0000,0x0000,0x0000,0x1000,0x000E,0x0000
17,0x11,0x0011,0x0011,0xFFEE,0x0000,0x0005,0x000E,0x0011,0x016C,0xFFAB,0x4000,0x0000,0xC000,0x0000,0x1100,0x000E,0x0000
18,0x12,0x0012,0x0012,0xFFEC,0x0000,0x0006,0x000E,0x0012,0x017A,0xFFA6,0x0000,0x0000,0x8000,0x0000,0x1200,0x000E,0x0000
19,0x13,0x0013,0x0013,0xFFEC,0x0000,0x0007,0x000E,0x0013,0x0188,0xFFA1,0xC000,0x0000,0x4000,0x0000,0x1300,0x000E,0x0000
20,0x14,0x0014,0x0014,0xFFEA,0x0000,0x0000,0x000E,0x0014,0x0196,0xFF9C,0x8000,0x0000,0x0000,0x0000,0x1400,0x000E,0x0000
21,0x15,0x0015,0x0015,0xFFEA,0x0000,0x0001,0x000E,0x0015,0x01A4,0xFF97,0x4000,0x0000,0xC000,0x0000,0x1500,0x000E,0x0000
22,0x16,0x0016,0x0016,0xFFE8,0x0000,0x0002,0x000E,0x0016,0x01B2,0xFF92,0x0000,0x0000,0x8000,0x0000,0x1600,0x000E,0x0000
23,0x17,0x0017,0x0017,0xFFE8,0x0000,0x0003,0x000E,0x0017,0x01C0,0xFF8D,0xC000,0x0000,0x4000,0x0000,0x1700,0x000E,0x0000
24,0x18,0x0018,0x0018,0xFFE6,0x0000,0x000C,0x000E,0x0018,0x01CE,0xFF88,0x8000,0x0000,0x0000,0x0000,0x1800,0x000E,0x0000
25,0x19,0x0019,0x0019,0xFFE6,0x0000,0x000D,0x000E,0x0019,0x01DC,0xFF83,0x4000,0x0000,0xC000,0x0000,0x1900,0x000E,0x0000
26,0x1A,0x001A,0x001A,0xFFE4,0x0000,0x000E,0x000E,0x001A,0x01EA,0xFF7E,0x0000,0x0000,0x8000,0x0000,0x1A00,0x000E,0x0000
27,0x1B,0x001B,0x001B,0xFFE4,0x0000,0x000F,0x000E,0x001B,0x01F8,0xFF79,0xC000,0x0000,0x4000,0x0000,0x1B00,0x000E,0x0000
28,0x1C,0x001C,0x001C,0xFFE2,0x0000,0x0008,0x000E,0x001C,0x0206,0xFF74,0x8000,0x0000,0x0000,0x0000,0x1C00,0x000E,0x0000
29,0x1D,0x001D,0x001D,0xFFE2,0x0000,0x0009,0x000E,0x001D,0x0214,0xFF6F,0x4000,0x0000,0xC000,0x0000,0x1D00,0x000E,0x0000
30,0x1E,0x001E,0x001E,0xFFE0,0x0000,0x000A,0x000E,0x001E,0x0222,0xFF6A,0x0000,0x0000,0x8000,0x0000,0x1E00,0x000E,0x0000
31,0x1F,0x001F,0x001F,0xFFE0,0x0000,0x000B,0x000E,0x001F,0x0230,0xFF65,0xC000,0x0000,0x4000,0x0000,0x1F00,0x000E,0x0000
32,0x20,0x0020,0x0020,0xFFCE,0x0000,0x0034,0x000E,0x0020,0x023E,0xFF60,0x8000,0x0000,0x0000,0x0000,0x2000,0x000E,0x0000
33,0x21,0x0021,0x0021,0xFFCE,0x0000,0x0035,0x000E,0x0021,0x024C,0xFF5B,0x4000,0x0000,0xC000,0x0000,0x2100,0x000E,0x0000
34,0x22,0x0022,0x0022,0xFFCC,0x0000,0x0036,0x000E,0x0022,0x025A,0xFF56,0x0000,0x0000,0x8000,0x0000,0x2200,0x000E,0x0000
35,0x23,0x0023,0x0023,0xFFCC,0x0000,0x0037,0x000E,0x0023,0x0268,0xFF51,0xC000,0x0000,0x4000,0x0000,0x2300,0x000E,0x0000
36,0x24,0x0024,0x0024,0xFFCA,0x0000,0x0030,0x000E,0x0024,0x0276,0xFF4C,0x8000,0x0000,0x0000,0x0000,0x2400,0x000E,0x0000
37,0x25,0x0025,0x0025,0xFFCA,0x0000,0x0031,0x000E,0x0025,0x0284,0xFF47,0x4000,0x0000,0xC000,0x0000,0x2500,0x000E,0x0000
38,0x26,0x0026,0x0026,0xFFC8,0x0000,0x0032,0x000E,0x0026,0x0292,0xFF42,0x0000,0x0000,0x8000,0x0000,0x2600,0x000E,0x0000
39,0x27,0x0027,0x0027,0xFFC8,0x0000,0x0033,0x000E,0x0027,0x02A0,0xFF3D,0xC000,0x0000,0x4000,0x0000,0x2700,0x000E,0x0000
40,0x28,0x0028,0x0028,0xFFC6,0x0000,0x003C,0x000E,0x0028,0x02AE,0xFF38,0x8000,0x0000,0x0000,0x0000,0x2800,0x000E,0x0000
41,0x29,0x0029,0x0029,0xFFC6,0x0000,0x003D,0x000E,0x0029,0x02BC,0xFF33,0x4000,0x0000,0xC000,0x0000,0x2900,0x000E,0x0000
42,0x2A,0x002A,0x002A,0xFFC4,0x0000,0x003E,0x000E,0x002A,0x02CA,0xFF2E,0x0000,0x0000,0x8000,0x0000,0x2A00,0x000E,0x0000
43,0x2B,0x002B,0x002B,0xFFC4,0x0000,0x003F,0x000E,0x002B,0x02D8,0xFF29,0xC000,0x0000,0x4000,0x0000,0x2B00,0x000E,0x0000
44,0x2C,0x002C,0x002C,0xFFC2,0x0000,0x0038,0x000E,0x002C,0x02E6,0xFF24,0x8000,0x0000,0x0000,0x0000,0x2C00,0x000E,0x0000
45,0x2D,0x002D,0x002D,0xFFC2,0x0000,0x0039,0x000E,0x002D,0x02F4,0xFF1F,0x4000,0x0000,0xC000,0x0000,0x2D00,0x000E,0x0000
46,0x2E,0x002E,0x002E,0xFFC0,0x0000,0x003A,0x000E,0x002E,0x0302,0xFF1A,0x0000,0x0000,0x8000,0x0000,0x2E00,0x000E,0x0000
47,0x2F,0x002F,0x002F,0xFFC0,0x0000,0x003B,0x000E,0x002F,0x0310,0xFF15,0xC000,0x0000,0x4000,0x0000,0x2F00,0x000E,0x0000
48,0x30,0x0030,0x0030,0xFFCE,0x0000,0x0024,0x000E,0x0030,0x031E,0xFF10,0x8000,0x0000,0x0000,0x0000,0x3000,0x000E,0x0000
49,0x31,0x0031,0x0031,0xFFCE,0x0000,0x0025,0x000E,0x0031,0x032C,0xFF0B,0x4000,0x0000,0xC000,0x0000,0x3100,0x000E,0x0000
50,0x32,0x0032,0x0032,0xFFCC,0x0000,0x0026,0x000E,0x0032,0x033A,0xFF06,0x0000,0x0000,0x8000,0x0000,0x3200,0x000E,0x0000
51,0x33,0x0033,0x0033,0xFFCC,0x0000,0x0027,0x000E,0x0033,0x0348,0xFF01,0xC000,0x0000,0x4000,0x0000,0x3300,0x000E,0x0000
52,0x34,0x0034,0x0034,0xFFCA,0x0000,0x0020,0x000E,0x0034,0x0356,0xFEFC,0x8000,0x0000,0x0000,0x0000,0x3400,0x000E,0x0000
53,0x35,0x0035,0x0035,0xFFCA,0x0000,0x0021,0x000E,0x0035,0x0364,0xFEF7,0x4000,0x0000,0xC000,0x0000,0x3500,0x000E,0x0000
54,0x36,0x0036,0x0036,0xFFC8,0x0000,0x0022,0x000E,0x0036,0x0372,0xFEF2,0x0000,0x0000,0x8000,0x0000,0x3600,0x000E,0x0000
55,0x37,0x0037,0x0037,0xFFC8,0x0000,0x0023,0x000E,0x0037,0x0380,0xFEED,0xC000,0x0000,0x4000,0x0000,0x3700,0x000E,0x0000
56,0x38,0x0038,0x0038,0xFFC6,0x0000,0x002C,0x000E,0x0038,0x038E,0xFEE8,0x8000,0x0000,0x0000,0x0000,0x3800,0x000E,0x0000
57,0x39,0x0039,0x0039,0xFFC6,0x0000,0x002D,0x000E,0x0039,0x039C,0xFEE3,0x4000,0x0000,0xC000,0x0000,0x3900,0x000E,0x0000
58,0x3A,0x003A,0x003A,0xFFC4,0x0000,0x002E,0x000E,0x003A,0x03AA,0xFEDE,0x0000,0x0000,0x8000,0x0000,0x3A00,0x000E,0x0000
59,0x3B,0x003B,0x003B,0xFFC4,0x0000,0x002F,0x000E,0x003B,0x03B8,0xFED9,0xC000,0x0000,0x4000,0x0000,0x3B00,0x000E,0x0000
60,0x3C,0x003C,0x003C,0xFFC2,0x0000,0x0028,0x000E,0x003C,0x03C6,0xFED4,0x8000,0x0000,0x0000,0x0000,0x3C00,0x000E,0x0000
61,0x3D,0x003D,0x003D,0xFFC2,0x0000,0x0029,0x000E,0x003D,0x03D4,0xFECF,0x4000,0x0000,0xC000,0x0000,0x3D00,0x000E,0x0000
62,0x3E,0x003E,0x003E,0xFFC0,0x0000,0x002A,0x000E,0x003E,0x03E2,0xFECA,0x0000,0x0000,0x8000,0x0000,0x3E00,0x000E,0x0000
63,0x3F,0x003F,0x003F,0xFFC0,0x0000,0x002B,0x000E,0x003F,0x03F0,0xFEC5,0xC000,0x0000,0x4000,0x0000,0x3F00,0x000E,0x0000
64,0x40,0x0040,0x0040,0xFFAE,0x0000,0x0054,0x000E,0x0040,0x03FE,0xFEC0,0x8000,0x0000,0x0000,0x0000,0x4000,0x000E,0x0000
65,0x41,0x0041,0x0041,0xFFAE,0x0000,0x0055,0x000E,0x0041,0x040C,0xFEBB,0x4000,0x0000,0xC000,0x0000,0x4100,0x000E,0x0000
66,0x42,0x0042,0x0042,0xFFAC,0x0000,0x0056,0x000E,0x0042,0x041A,0xFEB6,0x0000,0x0000,0x8000,0x0000,0x4200,0x000E,0x0000
67,0x43,0x0043,0x0043,0xFFAC,0x0000,0x0057,0x000E,0x0043,0x0428,0xFEB1,0xC000,0x0000,0x4000,0x0000,0x4300,0x000E,0x0000
68,0x44,0x0044,0x0044,0xFFAA,0x0000,0x0050,0x000E,0x0044,0x0436,0xFEAC,0x8000,0x0000,0x0000,0x0000,0x4400,0x000E,0x0000
69,0x45,0x0045,0x0045,0xFFAA,0x0000,0x0051,0x000E,0x0045,0x0444,0xFEA7,0x4000,0x0000,0xC000,0x0000,0x4500,0x000E,0x0000
70,0x46,0x0046,0x0046,0xFFA8,0x0000,0x0052,0x000E,0x0046,0x0452,0xFEA2,0x0000,0x0000,0x8000,0x0000,0x4600,0x000E,0x0000
71,0x47,0x0047,0x0047,0xFFA8,0x0000,0x0053,0x000E,0x0047,0x0460,0xFE9D,0xC000,0x0000,0x4000,0x0000,0x4700,0x000E,0x0000
72,0x48,0x0048,0x0048,0xFFA6,0x0000,0x005C,0x000E,0x0048,0x046E,0xFE98,0x8000,0x0000,0x0000,0x0000,0x4800,0x000E,0x0000
73,0x49,0x0049,0x0049,0xFFA6,0x0000,0x005D,0x000E,0x0049,0x047C,0xFE93,0x4000,0x0000,0xC000,0x0000,0x4900,0x000E,0x0000
74,0x4A,0x004A,0x004A,0xFFA4,0x0000,0x005E,0x000E,0x004A,0x048A,0xFE8E,0x0000,0x0000,0x8000,0x0000,0x4A00,0x000E,0x0000
75,0x4B,0x004B,0x004B,0xFFA4,0x0000,0x005F,0x000E,0x004B,0x0498,0xFE89,0xC000,0x0000,0x4000,0x0000,0x4B00,0x000E,0x0000
76,0x4C,0x004C,0x004C,0xFFA2,0x0000,0x0058,0x000E,0x004C,0x04A6,0xFE84,0x8000,0x0000,0x0000,0x0000,0x4C00,0x000E,0x0000
77,0x4D,0x004D,0x004D,0xFFA2,0x0000,0x0059,0x000E,0x004D,0x04B4,0xFE7F,0x4000,0x0000,0xC000,0x0000,0x4D00,0x000E,0x0000
78,0x4E,0x004E,0x004E,0xFFA0,0x0000,0x005A,0x000E,0x004E,0x04C2,0xFE7A,0x0000,0x0000,0x8000,0x0000,0x4E00,0x000E,0x0000
79,0x4F,0x004F,0x004F,0xFFA0,0x0000,0x005B,0x000E,0x004F,0x04D0,0xFE75,0xC000,0x0000,0x4000,0x0000,0x4F00,0x000E,0x0000
80,0x50,0x0050,0x0050,0xFFAE,0x0000,0x0044,0x000E,0x0050,0x04DE,0xFE70,0x8000,0x0000,0x0000,0x0000,0x5000,0x000E,0x0000
81,0x51,0x0051,0x0051,0xFFAE,0x0000,0x0045,0x000E,0x0051,0x04EC,0xFE6B,0x4000,0x0000,0xC000,0x0000,0x5100,0x000E,0x0000
82,0x52,0x0052,0x0052,0xFFAC,0x0000,0x0046,0x000E,0x0052,0x04FA,0xFE66,0x0000,0x0000,0x8000,0x0000,0x5200,0x000E,0x0000
83,0x53,0x0053,0x0053,0xFFAC,0x0000,0x0047,0x000E,0x0053,0x0508,0xFE61,0xC000,0x0000,0x4000,0x0000,0x5300,0x000E,0x0000
84,0x54,0x0054,0x0054,0xFFAA,0x0000,0x0040,0x000E,0x0054,0x0516,0xFE5C,0x8000,0x0000,0x0000,0x0000,0x5400,0x000E,0x0000
85,0x55,0x0055,0x0055,0xFFAA,0x0000,0x0041,0x000E,0x0055,0x0524,0xFE57,0x4000,0x0000,0xC000,0x0000,0x5500,0x000E,0x0000
86,0x56,0x0056,0x0056,0xFFA8,0x0000,0x0042,0x000E,0x0056,0x0532,0xFE52,0x0000,0x0000,0x8000,0x0000,0x5600,0x000E,0x0000
87,0x57,0x0057,0x0057,0xFFA8,0x0000,0x0043,0x000E,0x0057,0x0540,0xFE4D,0xC000,0x0000,0x4000,0x0000,0x5700,0x000E,0x0000
88,0x58,0x0058,0x0058,0xFFA6,0x0000,0x004C,0x000E,0x0058,0x054E,0xFE48,0x8000,0x0000,0x0000,0x0000,0x5800,0x000E,0x0000
89,0x59,0x0059,0x0059,0xFFA6,0x0000,0x004D,0x000E,0x0059,0x055C,0xFE43,0x4000,0x0000,0xC000,0x0000,0x5900,0x000E,0x0000
90,0x5A,0x005A,0x005A,0xFFA4,0x0000,0x004E,0x000E,0x005A,0x056A,0xFE3E,0x0000,0x0000,0x8000,0x0000,0x5A00,0x000E,0x0000
91,0x5B,0x005B,0x005B,0xFFA4,0x0000,0x004F,0x000E,0x005B,0x0578,0xFE39,0xC000,0x0000,0x4000,0x0000,0x5B00,0x000E,0x0000
92,0x5C,0x005C,0x005C,0xFFA2,0x0000,0x0048,0x000E,0x005C,0x0586,0xFE34,0x8000,0x0000,0x0000,0x0000,0x5C00,0x000E,0x0000
93,0x5D,0x005D,0x005D,0xFFA2,0x0000,0x0049,0x000E,0x005D,0x0594,0xFE2F,0x4000,0x0000,0xC000,0x0000,0x5D00,0x000E,0x0000
94,0x5E,0x005E,0x005E,0xFFA0,0x0000,0x004A,0x000E,0x005E,0x05A2,0xFE2A,0x0000,0x0000,0x8000,0x0000,0x5E00,0x000E,0x0000
95,0x5F,0x005F,0x005F,0xFFA0,0x0000,0x004B,0x000E,0x005F,0x05B0,0xFE25,0xC000,0x0000,0x4000,0x0000,0x5F00,0x000E,0x0000
96,0x60,0x0060,0x0060,0xFF8E,0x0000,0x0074,0x000E,0x0060,0x05BE,0xFE20,0x8000,0x0000,0x0000,0x0000,0x6000,0x000E,0x0000
97,0x61,0x0061,0x0061,0xFF8E,0x0000,0x0075,0x000E,0x0061,0x05CC,0xFE1B,0x4000,0x0000,0xC000,0x0000,0x6100,0x000E,0x0000
98,0x62,0x0062,0x0062,0xFF8C,0x0000,0x0076,0x000E,0x0062,0x05DA,0xFE16,0x0000,0x0000,0x8000,0x0000,0x6200,0x000E,0x0000
99,0x63,0x0063,0x0063,0xFF8C,0x0000,0x0077,0x000E,0x0063,0x05E8,0xFE11,0xC000,0x0000,0x4000,0x0000,0x6300,0x000E,0x0000
100,0x64,0x0064,0x0064,0xFF8A,0x0000,0x0070,0x000E,0x0064,0x05F6,0xFE0C,0x8000,0x0000,0x0000,0x0000,0x6400,0x000E,0x0000
101,0x65,0x0065,0x0065,0xFF8A,0x0000,0x0071,0x000E,0x0065,0x0604,0xFE07,0x4000,0x0000,0xC000,0x0000,0x6500,0x000E,0x0000
102,0x66,0x0066,0x0066,0xFF88,0x0000,0x0072,0x000E,0x0066,0x0612,0xFE02,0x0000,0x0000,0x8000,0x0000,0x6600,0x000E,0x0000
103,0x67,0x0067,0x0067,0xFF88,0x0000,0x0073,0x000E,0x0067,0x0620,0xFDFD,0xC000,0x0000,0x4000,0x0000,0x6700,0x000E,0x0000
104,0x68,0x0068,0x0068,0xFF86,0x0000,0x007C,0x000E,0x0068,0x062E,0xFDF8,0x8000,0x0000,0x0000,0x0000,0x6800,0x000E,0x0000
105,0x69,0x0069,0x0069,0xFF86,0x0000,0x007D,0x000E,0x0069,0x063C,0xFDF3,0x4000,0x0000,0xC000,0x0000,0x6900,0x000E,0x0000
106,0x6A,0x006A,0x006A,0xFF84,0x0000,0x007E,0x000E,0x006A,0x064A,0xFDEE,0x0000,0x0000,0x8000,0x0000,0x6A00,0x000E,0x0000
107,0x6B,0x006B,0x006B,0xFF84,0x0000,0x007F,0x000E,0x006B,0x0658,0xFDE9,0xC000,0x0000,0x4000,0x0000,0x6B00,0x000E,0x0000
108,0x6C,0x006C,0x006C,0xFF82,0x0000,0x0078,0x000E,0x006C,0x0666,0xFDE4,0x8000,0x0000,0x0000,0x0000,0x6C00,0x000E,0x0000
109,0x6D,0x006D,0x006D,0xFF82,0x0000,0x0079,0x000E,0x006D,0x0674,0xFDDF,0x4000,0x0000,0xC000,0x0000,0x6D00,0x000E,0x0000
110,0x6E,0x006E,0x006E,0xFF80,0x0000,0x007A,0x000E,0x006E,0x0682,0xFDDA,0x0000,0x0000,0x8000,0x0000,0x6E00,0x000E,0x0000
111,0x6F,0x006F,0x006F,0xFF80,0x0000,0x007B,0x000E,0x006F,0x0690,0xFDD5,0xC000,0x0000,0x4000,0x0000,0x6F00,0x000E,0x0000
112,0x70,0x0070,0x0070,0xFF8E,0x0000,0x0064,0x000E,0x0070,0x069E,0xFDD0,0x8000,0x0000,0x0000,0x0000,0x7000,0x000E,0x0000
113,0x71,0x0071,0x0071,0xFF8E,0x0000,0x0065,0x000E,0x0071,0x06AC,0xFDCB,0x4000,0x0000,0xC000,0x0000,0x7100,0x000E,0x0000
114,0x72,0x0072,0x0072,0xFF8C,0x0000,0x0066,0x000E,0x0072,0x06BA,0xFDC6,0x0000,0x0000,0x8000,0x0000,0x7200,0x000E,0x0000
115,0x73,0x0073,0x0073,0xFF8C,0x0000,0x0067,0x000E,0x0073,0x06C8,0xFDC1,0xC000,0x0000,0x4000,0x0000,0x7300,0x000E,0x0000
116,0x74,0x0074,0x0074,0xFF8A,0x0000,0x0060,0x000E,0x0074,0x06D6,0xFDBC,0x8000,0x0000,0x0000,0x0000,0x7400,0x000E,0x0000
117,0x75,0x0075,0x0075,0xFF8A,0x0000,0x0061,0x000E,0x0075,0x06E4,0xFDB7,0x4000,0x0000,0xC000,0x0000,0x7500,0x000E,0x0000
118,0x76,0x0076,0x0076,0xFF88,0x0000,0x0062,0x000E,0x0076,0x06F2,0xFDB2,0x0000,0x0000,0x8000,0x0000,0x7600,0x000E,0x0000
119,0x77,0x0077,0x0077,0xFF88,0x0000,0x0063,0x000E,0x0077,0x0700,0xFDAD,0xC000,0x0000,0x4000,0x0000,0x7700,0x000E,0x0000
120,0x78,0x0078,0x0078,0xFF86,0x0000,0x006C,0x000E,0x0078,0x070E,0xFDA8,0x8000,0x0000,0x0000,0x0000,0x7800,0x000E,0x0000
121,0x79,0x0079,0x0079,0xFF86,0x0000,0x006D,0x000E,0x0079,0x071C,0xFDA3,0x4000,0x0000,0xC000,0x0000,0x7900,0x000E,0x0000
122,0x7A,0x007A,0x007A,0xFF84,0x0000,0x006E,0x000E,0x007A,0x072A,0xFD9E,0x0000,0x0000,0x8000,0x0000,0x7A00,0x000E,0x0000
123,0x7B,0x007B,0x007B,0xFF84,0x0000,0x006F,0x000E,0x007B,0x0738,0xFD99,0xC000,0x0000,0x4000,0x0000,0x7B00,0x000E,0x0000
124,0x7C,0x007C,0x007C,0xFF82,0x0000,0x0068,0x000E,0x007C,0x0746,0xFD94,0x8000,0x0000,0x0000,0x0000,0x7C00,0x000E,0x0000
125,0x7D,0x007D,0x007D,0xFF82,0x0000,0x0069,0x000E,0x007D,0x0754,0xFD8F,0x4000,0x0000,0xC000,0x0000,0x7D00,0x000E,0x0000
126,0x7E,0x007E,0x007E,0xFF80,0x0000,0x006A,0x000E,0x007E,0x0762,0xFD8A,0x0000,0x0000,0x8000,0x0000,0x7E00,0x000E,0x0000
127,0x7F,0x007F,0x007F,0xFF80,0x0000,0x006B,0x000E,0x007F,0x0770,0xFD85,0xC000,0x0000,0x4000,0x0000,0x7F00,0x000E,0x0000
128,0x80,0xFF80,0x0080,0xFF6E,0x0000,0x0094,0x000E,0xFF80,0x077E,0x0280,0x8000,0x0000,0x0000,0xFFFF,0x8000,0x000E,0x0000
129,0x81,0xFF81,0x0081,0xFF6E,0x0000,0x0095,0x000E,0xFF81,0x078C,0x027B,0x4000,0x0000,0xC000,0xFFFF,0x8100,0x000E,0x0000
130,0x82,0xFF82,0x0082,0xFF6C,0x0000,0x0096,0x000E,0xFF82,0x079A,0x0276,0x0000,0x0000,0x8000,0xFFFF,0x8200,0x000E,0x0000
131,0x83,0xFF83,0x0083,0xFF6C,0x0000,0x0097,0x000E,0xFF83,0x07A8,0x0271,0xC000,0x0000,0x4000,0xFFFF,0x8300,0x000E,0x0000
132,0x84,0xFF84,0x0084,0xFF6A,0x0000,0x0090,0x000E,0xFF84,0x07B6,0x026C,0x8000,0x0000,0x0000,0xFFFF,0x8400,0x000E,0x0000
133,0x85,0xFF85,0x0085,0xFF6A,0x0000,0x0091,0x000E,0xFF85,0x07C4,0x0267,0x4000,0x0000,0xC000,0xFFFF,0x8500,0x000E,0x0000
134,0x86,0xFF86,0x0086,0xFF68,0x0000,0x0092,0x000E,0xFF86,0x07D2,0x0262,0x0000,0x0000,0x8000,0xFFFF,0x8600,0x000E,0x0000
135,0x87,0xFF87,0x0087,0xFF68,0x0000,0x0093,0x000E,0xFF87,0x07E0,0x025D,0xC000,0x0000,0x4000,0xFFFF,0x8700,0x000E,0x0000
136,0x88,0xFF88,0x0088,0xFF66,0x0000,0x009C,0x000E,0xFF88,0x07EE,0x0258,0x8000,0x0000,0x0000,0xFFFF,0x8800,0x000E,0x0000
137,0x89,0xFF89,0x0089,0xFF66,0x0000,0x009D,0x000E,0xFF89,0x07FC,0x0253,0x4000,0x0000,0xC000,0xFFFF,0x8900,0x000E,0x0000
138,0x8A,0xFF8A,0x008A,0xFF64,0x0000,0x009E,0x000E,0xFF8A,0x080A,0x024E,0x0000,0x0000,0x8000,0xFFFF,0x8A00,0x000E,0x0000
139,0x8B,0xFF8B,0x008B,0xFF64,0x0000,0x009F,0x000E,0xFF8B,0x0818,0x0249,0xC000,0x0000,0x4000,0xFFFF,0x8B00,0x000E,0x0000
140,0x8C,0xFF8C,0x008C,0xFF62,0x0000,0x0098,0x000E,0xFF8C,0x0826,0x0244,0x8000,0x0000,0x0000,0xFFFF,0x8C00,0x000E,0x0000
141,0x8D,0xFF8D,0x008D,0xFF62,0x0000,0x0099,0x000E,0xFF8D,0x0834,0x023F,0x4000,0x0000,0xC000,0xFFFF,0x8D00,0x000E,0x0000
142,0x8E,0xFF8E,0x008E,0xFF60,0x0000,0x009A,0x000E,0xFF8E,0x0842,0x023A,0x0000,0x0000,0x8000,0xFFFF,0x8E00,0x000E,0x0000
143,0x8F,0xFF8F,0x008F,0xFF60,0x0000,0x009B,0x000E,0xFF8F,0x0850,0x0235,0xC000,0x0000,0x4000,0xFFFF,0x8F00,0x000E,0x0000
144,0x90,0xFF90,0x0090,0xFF6E,0x0000,0x0084,0x000E,0xFF90,0x085E,0x0230,0x8000,0x0000,0x0000,0xFFFF,0x9000,0x000E,0x0000
145,0x91,0xFF91,0x0091,0xFF6E,0x0000,0x0085,0x000E,0xFF91,0x086C,0x022B,0x4000,0x0000,0xC000,0xFFFF,0x9100,0x000E,0x0000
146,0x92,0xFF92,0x0092,0xFF6C,0x0000,0x0086,0x000E,0xFF92,0x087A,0x0226,0x0000,0x0000,0x8000,0xFFFF,0x9200,0x000E,0x0000
147,0x93,0xFF93,0x0093,0xFF6C,0x0000,0x0087,0x000E,0xFF93,0x0888,0x0221,0xC000,0x0000,0x4000,0xFFFF,0x9300,0x000E,0x0000
148,0x94,0xFF94,0x0094,0xFF6A,0x0000,0x0080,0x000E,0xFF94,0x0896,0x021C,0x8000,0x0000,0x0000,0xFFFF,0x9400,0x000E,0x0000
149,0x95,0xFF95,0x0095,0xFF6A,0x0000,0x0081,0x000E,0xFF95,0x08A4,0x0217,0x4000,0x0000,0xC000,0xFFFF,0x9500,0x000E,0x0000
150,0x96,0xFF96,0x0096,0xFF68,0x0000,0x0082,0x000E,0xFF96,0x08B2,0x0212,0x0000,0x0000,0x8000,0xFFFF,0x9600,0x000E,0x0000
151,0x97,0xFF97,0x0097,0xFF68,0x0000,0x0083,0x000E,0xFF97,0x08C0,0x020D,0xC000,0x0000,0x4000,0xFFFF,0x9700,0x000E,0x0000
152,0x98,0xFF98,0x0098,0xFF66,0x0000,0x008C,0x000E,0xFF98,0x08CE,0x0208,0x8000,0x0000,0x0000,0xFFFF,0x9800,0x000E,0x0000
153,0x99,0xFF99,0x0099,0xFF66,0x0000,0x008D,0x000E,0xFF99,0x08DC,0x0203,0x4000,0x0000,0xC000,0xFFFF,0x9900,0x000E,0x0000
154,0x9A,0xFF9A,0x009A,0xFF64,0x0000,0x008E,0x000E,0xFF9A,0x08EA,0x01FE,0x0000,0x0000,0x8000,0xFFFF,0x9A00,0x000E,0x0000
155,0x9B,0xFF9B,0x009B,0xFF64,0x0000,0x008F,0x000E,0xFF9B,0x08F8,0x01F9,0xC000,0x0000,0x4000,0xFFFF,0x9B00,0x000E,0x0000
156,0x9C,0xFF9C,0x009C,0xFF62,0x0000,0x0088,0x000E,0xFF9C,0x0906,0x01F4,0x8000,0x0000,0x0000,0xFFFF,0x9C00,0x000E,0x0000
157,0x9D,0xFF9D,0x009D,0xFF62,0x0000,0x0089,0x000E,0xFF9D,0x0914,0x01EF,0x4000,0x0000,0xC000,0xFFFF,0x9D00,0x000E,0x0000
158,0x9E,0xFF9E,0x009E,0xFF60,0x0000,0x008A,0x000E,0xFF9E,0x0922,0x01EA,0x0000,0x0000,0x8000,0xFFFF,0x9E00,0x000E,0x0000
159,0x9F,0xFF9F,0x009F,0xFF60,0x0000,0x008B,0x000E,0xFF9F,0x0930,0x01E5,0xC000,0x0000,0x4000,0xFFFF,0x9F00,0x000E,0x0000
160,0xA0,0xFFA0,0x00A0,0xFF4E,0x0000,0x00B4,0x000E,0xFFA0,0x093E,0x01E0,0x8000,0x0000,0x0000,0xFFFF,0xA000,0x000E,0x0000
161,0xA1,0xFFA1,0x00A1,0xFF4E,0x0000,0x00B5,0x000E,0xFFA1,0x094C,0x01DB,0x4000,0x0000,0xC000,0xFFFF,0xA100,0x000E,0x0000
162,0xA2,0xFFA2,0x00A2,0xFF4C,0x0000,0x00B6,0x000E,0xFFA2,0x095A,0x01D6,0x0000,0x0000,0x8000,0xFFFF,0xA200,0x000E,0x0000
163,0xA3,0xFFA3,0x00A3,0xFF4C,0x0000,0x00B7,0x000E,0xFFA3,0x0968,0x01D1,0xC000,0x0000,0x4000,0xFFFF,0xA300,0x000E,0x0000
164,0xA4,0xFFA4,0x00A4,0xFF4A,0x0000,0x00B0,0x000E,0xFFA4,0x0976,0x01CC,0x8000,0x0000,0x0000,0xFFFF,0xA400,0x000E,0x0000
165,0xA5,0xFFA5,0x00A5,0xFF4A,0x0000,0x00B1,0x000E,0xFFA5,0x0984,0x01C7,0x4000,0x0000,0xC000,0xFFFF,0xA500,0x000E,0x0000
166,0xA6,0xFFA6,0x00A6,0xFF48,0x0000,0x00B2,0x000E,0xFFA6,0x0992,0x01C2,0x0000,0x0000,0x8000,0xFFFF,0xA600,0x000E,0x0000
167,0xA7,0xFFA7,0x00A7,0xFF48,0x0000,0x00B3,0x000E,0xFFA7,0x09A0,0x01BD,0xC000,0x0000,0x4000,0xFFFF,0xA700,0x000E,0x0000
168,0xA8,0xFFA8,0x00A8,0xFF46,0x0000,0x00BC,0x000E,0xFFA8,0x09AE,0x01B8,0x8000,0x0000,0x0000,0xFFFF,0xA800,0x000E,0x0000
169,0xA9,0xFFA9,0x00A9,0xFF46,0x0000,0x00BD,0x000E,0xFFA9,0x09BC,0x01B3,0x4000,0x0000,0xC000,0xFFFF,0xA900,0x000E,0x0000
170,0xAA,0xFFAA,0x00AA,0xFF44,0x0000,0x00BE,0x000E,0xFFAA,0x09CA,0x01AE,0x0000,0x0000,0x8000,0xFFFF,0xAA00,0x000E,0x0000
171,0xAB,0xFFAB,0x00AB,0xFF44,0x0000,0x00BF,0x000E,0xFFAB,0x09D8,0x01A9,0xC000,0x0000,0x4000,0xFFFF,0xAB00,0x000E,0x0000
172,0xAC,0xFFAC,0x00AC,0xFF42,0x0000,0x00B8,0x000E,0xFFAC,0x09E6,0x01A4,0x8000,0x0000,0x0000,0xFFFF,0xAC00,0x000E,0x0000
173,0xAD,0xFFAD,0x00AD,0xFF42,0x0000,0x00B9,0x000E,0xFFAD,0x09F4,0x019F,0x4000,0x0000,0xC000,0xFFFF,0xAD00,0x000E,0x0000
174,0xAE,0xFFAE,0x00AE,0xFF40,0x0000,0x00BA,0x000E,0xFFAE,0x0A02,0x019A,0x0000,0x0000,0x8000,0xFFFF,0xAE00,0x000E,0x0000
175,0xAF,0xFFAF,0x00AF,0xFF40,0x0000,0x00BB,0x000E,0xFFAF,0x0A10,0x0195,0xC000,0x0000,0x4000,0xFFFF,0xAF00,0x000E,0x0000
176,0xB0,0xFFB0,0x00B0,0xFF4E,0x0000,0x00A4,0x000E,0xFFB0,0x0A1E,0x0190,0x8000,0x0000,0x0000,0xFFFF,0xB000,0x000E,0x0000
177,0xB1,0xFFB1,0x00B1,0xFF4E,0x0000,0x00A5,0x000E,0xFFB1,0x0A2C,0x018B,0x4000,0x0000,0xC000,0xFFFF,0xB100,0x000E,0x0000
178,0xB2,0xFFB2,0x00B2,0xFF4C,0x0000,0x00A6,0x000E,0xFFB2,0x0A3A,0x0186,0x0000,0x0000,0x8000,0xFFFF,0xB200,0x000E,0x0000
179,0xB3,0xFFB3,0x00B3,0xFF4C,0x0000,0x00A7,0x000E,0xFFB3,0x0A48,0x0181,0xC000,0x0000,0x4000,0xFFFF,0xB300,0x000E,0x0000
180,0xB4,0xFFB4,0x00B4,0xFF4A,0x0000,0x00A0,0x000E,0xFFB4,0x0A56,0x017C,0x8000,0x0000,0x0000,0xFFFF,0xB400,0x000E,0x0000
181,0xB5,0xFFB5,0x00B5,0xFF4A,0x0000,0x00A1,0x000E,0xFFB5,0x0A64,0x0177,0x4000,0x0000,0xC000,0xFFFF,0xB500,0x000E,0x0000
182,0xB6,0xFFB6,0x00B6,0xFF48,0x0000,0x00A2,0x000E,0xFFB6,0x0A72,0x0172,0x0000,0x0000,0x8000,0xFFFF,0xB600,0x000E,0x0000
183,0xB7,0xFFB7,0x00B7,0xFF48,0x0000,0x00A3,0x000E,0xFFB7,0x0A80,0x016D,0xC000,0x0000,0x4000,0xFFFF,0xB700,0x000E,0x0000
184,0xB8,0xFFB8,0x00B8,0xFF46,0x0000,0x00AC,0x000E,0xFFB8,0x0A8E,0x0168,0x8000,0x0000,0x0000,0xFFFF,0xB800,0x000E,0x0000
185,0xB9,0xFFB9,0x00B9,0xFF46,0x0000,0x00AD,0x000E,0xFFB9,0x0A9C,0x0163,0x4000,0x0000,0xC000,0xFFFF,0xB900,0x000E,0x0000
186,0xBA,0xFFBA,0x00BA,0xFF44,0x0000,0x00AE,0x000E,0xFFBA,0x0AAA,0x015E,0x0000,0x0000,0x8000,0xFFFF,0xBA00,0x000E,0x0000
187,0xBB,0xFFBB,0x00BB,0xFF44,0x0000,0x00AF,0x000E,0xFFBB,0x0AB8,0x0159,0xC000,0x0000,0x4000,0xFFFF,0xBB00,0x000E,0x0000
188,0xBC,0xFFBC,0x00BC,0xFF42,0x0000,0x00A8,0x000E,0xFFBC,0x0AC6,0x0154,0x8000,0x0000,0x0000,0xFFFF,0xBC00,0x000E,0x0000
189,0xBD,0xFFBD,0x00BD,0xFF42,0x0000,0x00A9,0x000E,0xFFBD,0x0AD4,0x014F,0x4000,0x0000,0xC000,0xFFFF,0xBD00,0x000E,0x0000
190,0xBE,0xFFBE,0x00BE,0xFF40,0x0000,0x00AA,0x000E,0xFFBE,0x0AE2,0x014A,0x0000,0x0000,0x8000,0xFFFF,0xBE00,0x000E,0x0000
191,0xBF,0xFFBF,0x00BF,0xFF40,0x0000,0x00AB,0x000E,0xFFBF,0x0AF0,0x0145,0xC000,0x0000,0x4000,0xFFFF,0xBF00,0x000E,0x0000
192,0xC0,0xFFC0,0x00C0,0xFF2E,0x0000,0x00D4,0x000E,0xFFC0,0x0AFE,0x0140,0x8000,0x0000,0x0000,0xFFFF,0xC000,0x000E,0x0000
193,0xC1,0xFFC1,0x00C1,0xFF2E,0x0000,0x00D5,0x000E,0xFFC1,0x0B0C,0x013B,0x4000,0x0000,0xC000,0xFFFF,0xC100,0x000E,0x0000
194,0xC2,0xFFC2,0x00C2,0xFF2C,0x0000,0x00D6,0x000E,0xFFC2,0x0B1A,0x0136,0x0000,0x0000,0x8000,0xFFFF,0xC200,0x000E,0x0000
195,0xC3,0xFFC3,0x00C3,0xFF2C,0x0000,0x00D7,0x000E,0xFFC3,0x0B28,0x0131,0xC000,0x0000,0x4000,0xFFFF,0xC300,0x000E,0x0000
196,0xC4,0xFFC4,0x00C4,0xFF2A,0x0000,0x00D0,0x000E,0xFFC4,0x0B36,0x012C,0x8000,0x0000,0x0000,0xFFFF,0xC400,0x000E,0x0000
197,0xC5,0xFFC5,0x00C5,0xFF2A,0x0000,0x00D1,0x000E,0xFFC5,0x0B44,0x0127,0x4000,0x0000,0xC000,0xFFFF,0xC500,0x000E,0x0000
198,0xC6,0xFFC6,0x00C6,0xFF28,0x0000,0x00D2,0x000E,0xFFC6,0x0B52,0x0122,0x0000,0x0000,0x8000,0xFFFF,0xC600,0x000E,0x0000
199,0xC7,0xFFC7,0x00C7,0xFF28,0x0000,0x00D3,0x000E,0xFFC7,0x0B60,0x011D,0xC000,0x0000,0x4000,0xFFFF,0xC700,0x000E,0x0000
200,0xC8,0xFFC8,0x00C8,0xFF26,0x0000,0x00DC,0x000E,0xFFC8,0x0B6E,0x0118,0x8000,0x0000,0x0000,0xFFFF,0xC800,0x000E,0x0000
201,0xC9,0xFFC9,0x00C9,0xFF26,0x0000,0x00DD,0x000E,0xFFC9,0x0B7C,0x0113,0x4000,0x0000,0xC000,0xFFFF,0xC900,0x000E,0x0000
202,0xCA,0xFFCA,0x00CA,0xFF24,0x0000,0x00DE,0x000E,0xFFCA,0x0B8A,0x010E,0x0000,0x0000,0x8000,0xFFFF,0xCA00,0x000E,0x0000
203,0xCB,0xFFCB,0x00CB,0xFF24,0x0000,0x00DF,0x000E,0xFFCB,0x0B98,0x0109,0xC000,0x0000,0x4000,0xFFFF,0xCB00,0x000E,0x0000
204,0xCC,0xFFCC,0x00CC,0xFF22,0x0000,0x00D8,0x000E,0xFFCC,0x0BA6,0x0104,0x8000,0x0000,0x0000,0xFFFF,0xCC00,0x000E,0x0000
205,0xCD,0xFFCD,0x00CD,0xFF22,0x0000,0x00D9,0x000E,0xFFCD,0x0BB4,0x00FF,0x4000,0x0000,0xC000,0xFFFF,0xCD00,0x000E,0x0000
206,0xCE,0xFFCE,0x00CE,0xFF20,0x0000,0x00DA,0x000E,0xFFCE,0x0BC2,0x00FA,0x0000,0x0000,0x8000,0xFFFF,0xCE00,0x000E,0x0000
207,0xCF,0xFFCF,0x00CF,0xFF20,0x0000,0x00DB,0x000E,0xFFCF,0x0BD0,0x00F5,0xC000,0x0000,0x4000,0xFFFF,0xCF00,0x000E,0x0000
208,0xD0,0xFFD0,0x00D0,0xFF2E,0x0000,0x00C4,0x000E,0xFFD0,0x0BDE,0x00F0,0x8000,0x0000,0x0000,0xFFFF,0xD000,0x000E,0x0000
209,0xD1,0xFFD1,0x00D1,0xFF2E,0x0000,0x00C5,0x000E,0xFFD1,0x0BEC,0x00EB,0x4000,0x0000,0xC000,0xFFFF,0xD100,0x000E,0x0000
210,0xD2,0xFFD2,0x00D2,0xFF2C,0x0000,0x00C6,0x000E,0xFFD2,0x0BFA,0x00E6,0x0000,0x0000,0x8000,0xFFFF,0xD200,0x000E,0x0000
211,0xD3,0xFFD3,0x00D3,0xFF2C,0x0000,0x00C7,0x000E,0xFFD3,0x0C08,0x00E1,0xC000,0x0000,0x4000,0xFFFF,0xD300,0x000E,0x0000
212,0xD4,0xFFD4,0x00D4,0xFF2A,0x0000,0x00C0,0x000E,0xFFD4,0x0C16,0x00DC,0x8000,0x0000,0x0000,0xFFFF,0xD400,0x000E,0x0000
213,0xD5,0xFFD5,0x00D5,0xFF2A,0x0000,0x00C1,0x000E,0xFFD5,0x0C24,0x00D7,0x4000,0x0000,0xC000,0xFFFF,0xD500,0x000E,0x0000
214,0xD6,0xFFD6,0x00D6,0xFF28,0x0000,0x00C2,0x000E,0xFFD6,0x0C32,0x00D2,0x0000,0x0000,0x8000,0xFFFF,0xD600,0x000E,0x0000
215,0xD7,0xFFD7,0x00D7,0xFF28,0x0000,0x00C3,0x000E,0xFFD7,0x0C40,0x00CD,0xC000,0x0000,0x4000,0xFFFF,0xD700,0x000E,0x0000
216,0xD8,0xFFD8,0x00D8,0xFF26,0x0000,0x00CC,0x000E,0xFFD8,0x0C4E,0x00C8,0x8000,0x0000,0x0000,0xFFFF,0xD800,0x000E,0x0000
217,0xD9,0xFFD9,0x00D9,0xFF26,0x0000,0x00CD,0x000E,0xFFD9,0x0C5C,0x00C3,0x4000,0x0000,0xC000,0xFFFF,0xD900,0x000E,0x0000
218,0xDA,0xFFDA,0x00DA,0xFF24,0x0000,0x00CE,0x000E,0xFFDA,0x0C6A,0x00BE,0x0000,0x0000,0x8000,0xFFFF,0xDA00,0x000E,0x0000
219,0xDB,0xFFDB,0x00DB,0xFF24,0x0000,0x00CF,0x000E,0xFFDB,0x0C78,0x00B9,0xC000,0x0000,0x4000,0xFFFF,0xDB00,0x000E,0x0000
220,0xDC,0xFFDC,0x00DC,0xFF22,0x0000,0x00C8,0x000E,0xFFDC,0x0C86,0x00B4,0x8000,0x0000,0x0000,0xFFFF,0xDC00,0x000E,0x0000
221,0xDD,0xFFDD,0x00DD,0xFF22,0x0000,0x00C9,0x000E,0xFFDD,0x0C94,0x00AF,0x4000,0x0000,0xC000,0xFFFF,0xDD00,0x000E,0x0000
222,0xDE,0xFFDE,0x00DE,0xFF20,0x0000,0x00CA,0x000E,0xFFDE,0x0CA2,0x00AA,0x0000,0x0000,0x8000,0xFFFF,0xDE00,0x000E,0x0000
223,0xDF,0xFFDF,0x00DF,0xFF20,0x0000,0x00CB,0x000E,0xFFDF,0x0CB0,0x00A5,0xC000,0x0000,0x4000,0xFFFF,0xDF00,0x000E,0x0000
224,0xE0,0xFFE0,0x00E0,0xFF0E,0x0000,0x00F4,0x000E,0xFFE0,0x0CBE,0x00A0,0x8000,0x0000,0x0000,0xFFFF,0xE000,0x000E,0x0000
225,0xE1,0xFFE1,0x00E1,0xFF0E,0x0000,0x00F5,0x000E,0xFFE1,0x0CCC,0x009B,0x4000,0x0000,0xC000,0xFFFF,0xE100,0x000E,0x0000
226,0xE2,0xFFE2,0x00E2,0xFF0C,0x0000,0x00F6,0x000E,0xFFE2,0x0CDA,0x0096,0x0000,0x0000,0x8000,0xFFFF,0xE200,0x000E,0x0000
227,0xE3,0xFFE3,0x00E3,0xFF0C,0x0000,0x00F7,0x000E,0xFFE3,0x0CE8,0x0091,0xC000,0x0000,0x4000,0xFFFF,0xE300,0x000E,0x0000
228,0xE4,0xFFE4,0x00E4,0xFF0A,0x0000,0x00F0,0x000E,0xFFE4,0x0CF6,0x008C,0x8000,0x0000,0x0000,0xFFFF,0xE400,0x000E,0x0000
229,0xE5,0xFFE5,0x00E5,0xFF0A,0x0000,0x00F1,0x000E,0xFFE5,0x0D04,0x0087,0x4000,0x0000,0xC000,0xFFFF,0xE500,0x000E,0x0000
230,0xE6,0xFFE6,0x00E6,0xFF08,0x0000,0x00F2,0x000E,0xFFE6,0x0D12,0x0082,0x0000,0x0000,0x8000,0xFFFF,0xE600,0x000E,0x0000
231,0xE7,0xFFE7,0x00E7,0xFF08,0x0000,0x00F3,0x000E,0xFFE7,0x0D20,0x007D,0xC000,0x0000,0x4000,0xFFFF,0xE700,0x000E,0x0000
232,0xE8,0xFFE8,0x00E8,0xFF06,0x0000,0x00FC,0x000E,0xFFE8,0x0D2E,0x0078,0x8000,0x0000,0x0000,0xFFFF,0xE800,0x000E,0x0000
233,0xE9,0xFFE9,0x00E9,0xFF06,0x0000,0x00FD,0x000E,0xFFE9,0x0D3C,0x0073,0x4000,0x0000,0xC000,0xFFFF,0xE900,0x000E,0x0000
234,0xEA,0xFFEA,0x00EA,0xFF04,0x0000,0x00FE,0x000E,0xFFEA,0x0D4A,0x006E,0x0000,0x0000,0x8000,0xFFFF,0xEA00,0x000E,0x0000
235,0xEB,0xFFEB,0x00EB,0xFF04,0x0000,0x00FF,0x000E,0xFFEB,0x0D58,0x0069,0xC000,0x0000,0x4000,0xFFFF,0xEB00,0x000E,0x0000
236,0xEC,0xFFEC,0x00EC,0xFF02,0x0000,0x00F8,0x000E,0xFFEC,0x0D66,0x0064,0x8000,0x0000,0x0000,0xFFFF,0xEC00,0x000E,0x0000
237,0xED,0xFFED,0x00ED,0xFF02,0x0000,0x00F9,0x000E,0xFFED,0x0D74,0x005F,0x4000,0x0000,0xC000,0xFFFF,0xED00,0x000E,0x0000
238,0xEE,0xFFEE,0x00EE,0xFF00,0x0000,0x00FA,0x000E,0xFFEE,0x0D82,0x005A,0x0000,0x0000,0x8000,0xFFFF,0xEE00,0x000E,0x0000
239,0xEF,0xFFEF,0x00EF,0xFF00,0x0000,0x00FB,0x000E,0xFFEF,0x0D90,0x0055,0xC000,0x0000,0x4000,0xFFFF,0xEF00,0x000E,0x0000
240,0xF0,0xFFF0,0x00F0,0xFF0E,0x0000,0x00E4,0x000E,0xFFF0,0x0D9E,0x0050,0x8000,0x0000,0x0000,0xFFFF,0xF000,0x000E,0x0000
241,0xF1,0xFFF1,0x00F1,0xFF0E,0x0000,0x00E5,0x000E,0xFFF1,0x0DAC,0x004B,0x4000,0x0001,0xC000,0xFFFF,0xF100,0x000E,0x0000
242,0xF2,0xFFF2,0x00F2,0xFF0C,0x0000,0x00E6,0x000E,0xFFF2,0x0DBA,0x0046,0x0000,0x0003,0x8000,0xFFFF,0xF200,0x000E,0x0000
243,0xF3,0xFFF3,0x00F3,0xFF0C,0x0000,0x00E7,0x000E,0xFFF3,0x0DC8,0x0041,0xC000,0x0007,0x4000,0xFFFF,0xF300,0x000E,0x0000
244,0xF4,0xFFF4,0x00F4,0xFF0A,0x0000,0x00E0,0x000E,0xFFF4,0x0DD6,0x003C,0x8000,0x000F,0x0000,0xFFFF,0xF400,0x000E,0x0000
245,0xF5,0xFFF5,0x00F5,0xFF0A,0x0000,0x00E1,0x000E,0xFFF5,0x0DE4,0x0037,0x4000,0x001F,0xC000,0xFFFF,0xF500,0x000E,0x0000
246,0xF6,0xFFF6,0x00F6,0xFF08,0x0000,0x00E2,0x000E,0xFFF6,0x0DF2,0x0032,0x0000,0x003F,0x8000,0xFFFF,0xF600,0x000E,0x0000
247,0xF7,0xFFF7,0x00F7,0xFF08,0x0000,0x00E3,0x000E,0xFFF7,0x0E00,0x002D,0xC000,0x007F,0x4000,0xFFFF,0xF700,0x000E,0x0000
248,0xF8,0xFFF8,0x00F8,0xFF06,0x0000,0x00EC,0x000E,0xFFF8,0x0E0E,0x0028,0x8000,0x00FF,0x0000,0xFFFF,0xF800,0x000E,0x0000
249,0xF9,0xFFF9,0x00F9,0xFF06,0x0000,0x00ED,0x000E,0xFFF9,0x0E1C,0x0023,0x4000,0x01FF,0xC000,0xFFFF,0xF900,0x000E,0x0000
250,0xFA,0xFFFA,0x00FA,0xFF04,0x0000,0x00EE,0x000E,0xFFFA,0x0E2A,0x001E,0x0000,0x03FF,0x8000,0xFFFF,0xFA00,0x000E,0x0000
251,0xFB,0xFFFB,0x00FB,0xFF04,0x0000,0x00EF,0x000E,0xFFFB,0x0E38,0x0019,0xC000,0x07FF,0x4000,0xFFFF,0xFB00,0x000E,0x0000
252,0xFC,0xFFFC,0x00FC,0xFF02,0x0000,0x00E8,0x000E,0xFFFC,0x0E46,0x0014,0x8000,0x0FFF,0x0000,0xFFFF,0xFC00,0x000E,0x0000
253,0xFD,0xFFFD,0x00FD,0xFF02,0x0000,0x00E9,0x000E,0xFFFD,0x0E54,0x000F,0x4000,0x1FFF,0xC000,0xFFFF,0xFD00,0x000E,0x0000
254,0xFE,0xFFFE,0x00FE,0xFF00,0x0000,0x00EA,0x000E,0xFFFE,0x0E62,0x000A,0x0000,0x3FFF,0x8000,0xFFFF,0xFE00,0x000E,0x0000
255,0xFF,0xFFFF,0x00FF,0xFF00,0x0000,0x00EB,0x000E,0xFFFF,0x0E70,0x0005,0xC000,0x7FFE,0x4000,0xFFFF,0xFF00,0x000E,0x0000
